,rank,Company,Symbol,Weight,Price,Chg,% Chg
0,1,Microsoft Corporation,MSFT,4.365224,144.0,-0.61,(-0.42%)
1,2,Apple Inc.,AAPL,4.085425,248.66,5.4,(2.22%)
2,3,Amazon.com Inc.,AMZN,2.923959,1779.93,-0.06,(-0.00%)
3,4,Facebook Inc. Class A,FB,1.790668,194.08,5.83,(3.10%)
4,5,Berkshire Hathaway Inc. Class B,BRK.B,1.653313,212.78,-0.47,(-0.22%)
5,6,JPMorgan Chase & Co.,JPM,1.589612,124.72,-1.01,(-0.80%)
6,7,Alphabet Inc. Class C,GOOG,1.507165,1254.47,-6.82,(-0.54%)
7,8,Alphabet Inc. Class A,GOOGL,1.493132,1252.99,-7.71,(-0.61%)
8,9,Johnson & Johnson,JNJ,1.386211,131.59,-1.25,(-0.94%)
9,10,Procter & Gamble Company,PG,1.236798,123.48,-1.47,(-1.17%)
10,11,Visa Inc. Class A,V,1.224073,178.69,-0.56,(-0.31%)
11,12,Exxon Mobil Corporation,XOM,1.13338,67.52,-0.2,(-0.30%)
12,13,AT&T Inc.,T,1.104098,38.16,-0.05,(-0.12%)
13,14,Bank of America Corp,BAC,1.047805,31.08,-0.54,(-1.71%)
14,15,Home Depot Inc.,HD,1.023122,235.51,-0.73,(-0.31%)
15,16,Verizon Communications Inc.,VZ,0.995021,60.26,-0.56,(-0.92%)
16,17,Intel Corporation,INTC,0.991801,55.87,-0.74,(-1.30%)
17,18,Mastercard Incorporated Class A,MA,0.978704,277.28,0.13,(0.05%)
18,19,UnitedHealth Group Incorporated,UNH,0.954306,251.47,-3.33,(-1.31%)
19,20,Walt Disney Company,DIS,0.923447,129.1,-0.51,(-0.39%)
20,21,Chevron Corporation,CVX,0.873573,116.15,-0.21,(-0.18%)
21,22,Merck & Co. Inc.,MRK,0.873206,86.63,0.41,(0.47%)
22,23,Pfizer Inc.,PFE,0.841953,38.47,-0.02,(-0.04%)
23,24,Wells Fargo & Company,WFC,0.825193,51.38,-0.65,(-1.25%)
24,25,Coca-Cola Company,KO,0.821107,53.93,-0.01,(-0.02%)
25,26,Comcast Corporation Class A,CMCSA,0.801761,44.21,-0.48,(-1.07%)
26,27,Cisco Systems Inc.,CSCO,0.798641,47.44,-0.12,(-0.25%)
27,28,PepsiCo Inc.,PEP,0.756829,136.32,-0.58,(-0.42%)
28,29,Boeing Company,BA,0.731748,341.88,-4.18,(-1.21%)
29,30,Walmart Inc.,WMT,0.664348,117.56,-0.54,(-0.46%)
30,31,Citigroup Inc.,C,0.652042,71.96,-1.02,(-1.39%)
31,32,McDonald's Corporation,MCD,0.591447,195.98,-0.91,(-0.46%)
32,33,Abbott Laboratories,ABT,0.587318,83.13,-0.88,(-1.05%)
33,34,Medtronic Plc,MDT,0.576072,108.13,-0.42,(-0.39%)
34,35,salesforce.com inc.,CRM,0.549071,156.92,-1.37,(-0.86%)
35,36,Adobe Inc.,ADBE,0.534479,277.18,-1.23,(-0.44%)
36,37,Costco Wholesale Corporation,COST,0.521591,297.4,-1.79,(-0.60%)
37,38,Netflix Inc.,NFLX,0.504749,287.91,-3.54,(-1.21%)
38,39,Amgen Inc.,AMGN,0.50023,213.45,2.57,(1.22%)
39,40,Philip Morris International Inc.,PM,0.499785,81.14,-0.07,(-0.09%)
40,41,Honeywell International Inc.,HON,0.496913,172.39,-2.21,(-1.27%)
41,42,PayPal Holdings Inc,PYPL,0.495688,104.29,-2.21,(-2.08%)
42,43,NVIDIA Corporation,NVDA,0.487587,200.55,-2.45,(-1.21%)
43,44,Thermo Fisher Scientific Inc.,TMO,0.478205,301.15,-0.71,(-0.24%)
44,45,Oracle Corporation,ORCL,0.477673,54.37,-0.48,(-0.87%)
45,46,International Business Machines Corporation,IBM,0.473923,133.95,-1.3,(-0.96%)
46,47,Accenture Plc Class A,ACN,0.46932,185.66,-0.92,(-0.49%)
47,48,Union Pacific Corporation,UNP,0.467929,165.31,-2.64,(-1.57%)
48,49,AbbVie Inc.,ABBV,0.46442,79.35,-0.31,(-0.40%)
49,50,United Technologies Corporation,UTX,0.460141,143.48,-0.37,(-0.25%)
50,51,Broadcom Inc.,AVGO,0.457001,290.8,0.56,(0.19%)
51,52,NextEra Energy Inc.,NEE,0.455221,237.09,1.63,(0.69%)
52,53,NIKE Inc. Class B,NKE,0.446494,89.5,-0.7,(-0.77%)
53,54,Texas Instruments Incorporated,TXN,0.434889,117.63,-0.16,(-0.14%)
54,55,Linde plc,LIN,0.425826,197.66,-1.53,(-0.77%)
55,56,Starbucks Corporation,SBUX,0.398618,83.88,-0.31,(-0.37%)
56,57,QUALCOMM Incorporated,QCOM,0.390453,80.19,-1.25,(-1.53%)
57,58,3M Company,MMM,0.38277,165.59,-2.78,(-1.65%)
58,59,American Tower Corporation,AMT,0.380396,217.2,-0.04,(-0.02%)
59,60,Eli Lilly and Company,LLY,0.378796,113.75,1.03,(0.91%)
60,61,Lockheed Martin Corporation,LMT,0.372197,377.64,-1.0,(-0.26%)
61,62,Bristol-Myers Squibb Company,BMY,0.366874,57.59,0.72,(1.26%)
62,63,Danaher Corporation,DHR,0.349156,136.88,-1.37,(-0.99%)
63,64,General Electric Company,GE,0.347711,10.02,-0.1,(-0.94%)
64,65,CVS Health Corporation,CVS,0.344914,65.88,-1.17,(-1.74%)
65,66,Booking Holdings Inc.,BKNG,0.344665,2047.43,-2.12,(-0.10%)
66,67,Lowe's Companies Inc.,LOW,0.339731,111.76,0.48,(0.43%)
67,68,Altria Group Inc,MO,0.339115,45.71,-0.26,(-0.55%)
68,69,U.S. Bancorp,USB,0.323991,56.71,-0.42,(-0.73%)
69,70,United Parcel Service Inc. Class B,UPS,0.322868,114.96,-1.93,(-1.65%)
70,71,Fidelity National Information Services Inc.,FIS,0.320218,131.46,-0.5,(-0.38%)
71,72,American Express Company,AXP,0.317654,117.47,-0.61,(-0.51%)
72,73,Gilead Sciences Inc.,GILD,0.316677,63.76,0.61,(0.96%)
73,74,Caterpillar Inc.,CAT,0.312301,137.18,-3.16,(-2.25%)
74,75,Celgene Corporation,CELG,0.300444,107.98,0.81,(0.76%)
75,76,Charter Communications Inc. Class A,CHTR,0.299796,465.99,-2.79,(-0.60%)
76,77,Mondelez International Inc. Class A,MDLZ,0.296802,52.28,0.25,(0.47%)
77,78,CME Group Inc. Class A,CME,0.289375,206.14,1.17,(0.57%)
78,79,Automatic Data Processing Inc.,ADP,0.281784,161.27,-2.88,(-1.75%)
79,80,TJX Companies Inc,TJX,0.280061,58.12,-0.44,(-0.75%)
80,81,Anthem Inc.,ANTM,0.276633,269.3,-4.16,(-1.52%)
81,82,Chubb Limited,CB,0.276416,150.9,-2.47,(-1.61%)
82,83,Goldman Sachs Group Inc.,GS,0.276242,212.86,-2.95,(-1.37%)
83,84,Stryker Corporation,SYK,0.275533,215.21,-1.88,(-0.87%)
84,85,Becton Dickinson and Company,BDX,0.272305,255.05,-0.91,(-0.35%)
85,86,Duke Energy Corporation,DUK,0.269928,93.79,-0.22,(-0.23%)
86,87,Intuit Inc.,INTU,0.26776,258.78,-1.51,(-0.58%)
87,88,Dominion Energy Inc,D,0.265973,81.91,0.1,(0.12%)
88,89,Cigna Corporation,CI,0.263673,175.73,-0.71,(-0.40%)
89,90,PNC Financial Services Group Inc.,PNC,0.260219,146.36,-1.39,(-0.94%)
90,91,Southern Company,SO,0.258939,62.43,-0.2,(-0.32%)
91,92,Intuitive Surgical Inc.,ISRG,0.253136,551.41,-4.91,(-0.88%)
92,93,S&P Global Inc.,SPGI,0.246973,257.86,3.21,(1.26%)
93,94,ConocoPhillips,COP,0.241691,54.91,-0.13,(-0.24%)
94,95,Zoetis Inc. Class A,ZTS,0.240218,127.53,-0.07,(-0.05%)
95,96,Fiserv Inc.,FISV,0.238725,106.29,-0.01,(-0.01%)
96,97,Raytheon Company,RTN,0.235262,214.43,0.11,(0.05%)
97,98,Colgate-Palmolive Company,CL,0.232332,68.0,-0.58,(-0.85%)
98,99,Boston Scientific Corporation,BSX,0.230411,41.81,-0.2,(-0.48%)
99,100,Morgan Stanley,MS,0.22985,45.77,-0.49,(-1.05%)
100,101,Crown Castle International Corp,CCI,0.228158,139.39,0.14,(0.10%)
101,102,Allergan plc,AGN,0.22809,175.89,0.1,(0.06%)
102,103,CSX Corporation,CSX,0.224316,70.28,-0.77,(-1.08%)
103,104,Northrop Grumman Corporation,NOC,0.220432,352.44,-1.65,(-0.46%)
104,105,Biogen Inc.,BIIB,0.21879,298.79,-1.1,(-0.37%)
105,106,Target Corporation,TGT,0.218548,106.41,-1.52,(-1.41%)
106,107,Prologis Inc.,PLD,0.217964,88.34,0.66,(0.75%)
107,108,BlackRock Inc.,BLK,0.216958,460.6,-6.34,(-1.36%)
108,109,Deere & Company,DE,0.216438,173.06,-0.76,(-0.44%)
109,110,Micron Technology Inc.,MU,0.209418,47.21,-0.67,(-1.40%)
110,111,Marsh & McLennan Companies Inc.,MMC,0.207293,102.95,-0.58,(-0.56%)
111,112,Phillips 66,PSX,0.206604,115.5,-0.95,(-0.82%)
112,113,Intercontinental Exchange Inc.,ICE,0.206504,94.2,1.02,(1.09%)
113,114,Vertex Pharmaceuticals Incorporated,VRTX,0.201758,199.68,0.4,(0.20%)
114,115,Applied Materials Inc.,AMAT,0.201733,54.23,-0.98,(-1.78%)
115,116,Illinois Tool Works Inc.,ITW,0.198184,168.23,-1.98,(-1.16%)
116,117,Edwards Lifesciences Corporation,EW,0.197062,237.17,-1.97,(-0.82%)
117,118,Global Payments Inc.,GPN,0.196461,169.16,3.62,(2.19%)
118,119,DuPont de Nemours Inc.,DD,0.193811,66.51,0.92,(1.40%)
119,120,Norfolk Southern Corporation,NSC,0.192699,182.04,-2.01,(-1.09%)
120,121,Ecolab Inc.,ECL,0.191822,191.65,-2.06,(-1.06%)
121,122,Equinix Inc.,EQIX,0.191623,558.53,-12.63,(-2.21%)
122,123,Sherwin-Williams Company,SHW,0.19039,580.14,-6.09,(-1.04%)
123,124,Charles Schwab Corporation,SCHW,0.190055,40.49,-0.81,(-1.96%)
124,125,General Motors Company,GM,0.188404,37.16,-0.76,(-1.99%)
125,126,Air Products and Chemicals Inc.,APD,0.188018,214.02,-2.72,(-1.25%)
126,127,Simon Property Group Inc.,SPG,0.183634,150.84,-0.34,(-0.22%)
127,128,L3Harris Technologies Inc,LHX,0.183545,207.56,-0.26,(-0.13%)
128,129,American Electric Power Company Inc.,AEP,0.182518,93.73,-0.37,(-0.39%)
129,130,Kimberly-Clark Corporation,KMB,0.181625,132.44,-1.23,(-0.92%)
130,131,Aon plc,AON,0.181582,193.22,-0.99,(-0.51%)
131,132,American International Group Inc.,AIG,0.180457,52.16,-0.45,(-0.86%)
132,133,Schlumberger NV,SLB,0.180378,32.86,-0.24,(-0.73%)
133,134,Exelon Corporation,EXC,0.179078,45.73,-0.93,(-1.99%)
134,135,Capital One Financial Corporation,COF,0.175475,93.17,-1.36,(-1.44%)
135,136,Waste Management Inc.,WM,0.173983,112.01,-0.66,(-0.59%)
136,137,Marathon Petroleum Corporation,MPC,0.172318,63.81,-2.38,(-3.60%)
137,138,Emerson Electric Co.,EMR,0.172174,69.91,-1.12,(-1.58%)
138,139,Illumina Inc.,ILMN,0.171367,299.12,2.61,(0.88%)
139,140,Activision Blizzard Inc.,ATVI,0.16917,55.47,-0.4,(-0.72%)
140,141,Estee Lauder Companies Inc. Class A,EL,0.169115,182.85,-10.42,(-5.39%)
141,142,Walgreens Boots Alliance Inc,WBA,0.167627,54.31,-1.55,(-2.77%)
142,143,General Dynamics Corporation,GD,0.16497,176.72,-1.52,(-0.85%)
143,144,Dollar General Corporation,DG,0.164316,160.2,-1.43,(-0.88%)
144,145,BB&T Corporation,BBT,0.162491,52.9,-0.78,(-1.45%)
145,146,Valero Energy Corporation,VLO,0.161926,96.87,-1.94,(-1.96%)
146,147,Sysco Corporation,SYY,0.161677,79.48,-0.17,(-0.21%)
147,148,Progressive Corporation,PGR,0.159279,69.19,-0.19,(-0.27%)
148,149,EOG Resources Inc.,EOG,0.159239,68.91,-0.72,(-1.03%)
149,150,Ross Stores Inc.,ROST,0.159105,109.94,-0.38,(-0.34%)
150,151,Lam Research Corporation,LRCX,0.158684,269.2,-8.37,(-3.01%)
151,152,Analog Devices Inc.,ADI,0.158212,105.93,-2.32,(-2.14%)
152,153,Bank of New York Mellon Corporation,BK,0.158186,46.51,-0.11,(-0.24%)
153,154,Humana Inc.,HUM,0.156661,293.07,-1.13,(-0.38%)
154,155,Aflac Incorporated,AFL,0.156232,53.0,-0.36,(-0.67%)
155,156,Baxter International Inc.,BAX,0.155263,76.63,-0.25,(-0.33%)
156,157,Kinder Morgan Inc Class P,KMI,0.153121,19.91,-0.1,(-0.47%)
157,158,Sempra Energy,SRE,0.152547,142.89,1.33,(0.94%)
158,159,Dow Inc.,DOW,0.149983,49.98,-1.05,(-2.06%)
159,160,FedEx Corporation,FDX,0.147101,153.09,-2.75,(-1.76%)
160,161,Prudential Financial Inc.,PRU,0.146752,90.37,-1.94,(-2.10%)
161,162,Eaton Corp. Plc,ETN,0.146579,86.41,-1.13,(-1.29%)
162,163,Occidental Petroleum Corporation,OXY,0.145914,40.68,-0.68,(-1.64%)
163,164,MetLife Inc.,MET,0.145744,46.28,-0.01,(-0.02%)
164,165,Welltower Inc.,WELL,0.144789,90.7,0.24,(0.27%)
165,166,Advanced Micro Devices Inc.,AMD,0.142257,34.05,0.92,(2.78%)
166,167,HCA Healthcare Inc,HCA,0.141425,132.62,-2.15,(-1.60%)
167,168,Moody's Corporation,MCO,0.140422,221.25,3.01,(1.38%)
168,169,Roper Technologies Inc.,ROP,0.138836,334.08,-4.21,(-1.24%)
169,170,Marriott International Inc. Class A,MAR,0.136692,125.85,-0.6,(-0.47%)
170,171,Allstate Corporation,ALL,0.136651,105.34,0.39,(0.37%)
171,172,Johnson Controls International plc,JCI,0.13591,43.14,-0.07,(-0.16%)
172,173,Travelers Companies Inc.,TRV,0.134039,129.8,0.02,(0.02%)
173,174,Ford Motor Company,F,0.132275,8.56,0.02,(0.18%)
174,175,O'Reilly Automotive Inc.,ORLY,0.132168,433.08,-3.61,(-0.83%)
175,176,Public Storage,PSA,0.131722,224.83,1.57,(0.70%)
176,177,Xcel Energy Inc.,XEL,0.131333,63.26,-0.06,(-0.09%)
177,178,Cognizant Technology Solutions Corporation Class A,CTSH,0.130836,61.58,1.69,(2.82%)
178,179,Autodesk Inc.,ADSK,0.129174,146.35,-2.43,(-1.63%)
179,180,Delta Air Lines Inc.,DAL,0.126631,55.0,-0.33,(-0.59%)
180,181,Constellation Brands Inc. Class A,STZ,0.126574,189.85,-1.69,(-0.88%)
181,182,Newmont Goldcorp Corporation,NEM,0.126083,39.26,0.22,(0.56%)
182,183,Public Service Enterprise Group Inc,PEG,0.125672,63.49,0.26,(0.41%)
183,184,Yum! Brands Inc.,YUM,0.1245,100.56,-2.78,(-2.69%)
184,185,Equity Residential,EQR,0.122512,88.8,-0.06,(-0.06%)
185,186,Ingersoll-Rand Plc,IR,0.121858,126.17,-1.62,(-1.27%)
186,187,AvalonBay Communities Inc.,AVB,0.120684,218.68,-0.3,(-0.14%)
187,188,SunTrust Banks Inc.,STI,0.120657,68.21,-1.03,(-1.49%)
188,189,Consolidated Edison Inc.,ED,0.120436,91.53,-0.13,(-0.14%)
189,190,TE Connectivity Ltd.,TEL,0.120024,88.79,-1.36,(-1.51%)
190,191,General Mills Inc.,GIS,0.120017,50.62,-0.1,(-0.19%)
191,192,Amphenol Corporation Class A,APH,0.119037,99.68,-1.15,(-1.14%)
192,193,PPG Industries Inc.,PPG,0.117556,125.23,-0.75,(-0.60%)
193,194,WEC Energy Group Inc,WEC,0.116306,94.06,0.27,(0.29%)
194,195,ONEOK Inc.,OKE,0.113822,69.63,-0.36,(-0.51%)
195,196,Electronic Arts Inc.,EA,0.112722,96.1,-0.62,(-0.64%)
196,197,eBay Inc.,EBAY,0.11184,35.26,-0.61,(-1.69%)
197,198,AutoZone Inc.,AZO,0.111365,1142.95,-5.55,(-0.48%)
198,199,IHS Markit Ltd.,INFO,0.111248,69.81,-0.31,(-0.44%)
199,200,Zimmer Biomet Holdings Inc.,ZBH,0.110983,137.26,-0.81,(-0.58%)
200,201,Hilton Worldwide Holdings Inc,HLT,0.110401,97.12,-0.21,(-0.21%)
201,202,T. Rowe Price Group,TROW,0.109884,115.91,-1.66,(-1.41%)
202,203,Southwest Airlines Co.,LUV,0.109125,56.04,-1.0,(-1.75%)
203,204,Williams Companies Inc.,WMB,0.10899,22.32,-0.57,(-2.49%)
204,205,Cummins Inc.,CMI,0.108965,171.75,-2.84,(-1.63%)
205,206,KLA Corporation,KLAC,0.108923,166.36,-6.6,(-3.82%)
206,207,SBA Communications Corp. Class A,SBAC,0.107879,240.78,-1.11,(-0.46%)
207,208,Motorola Solutions Inc.,MSI,0.107695,165.76,0.4,(0.24%)
208,209,Paychex Inc.,PAYX,0.106522,83.59,-0.44,(-0.52%)
209,210,Digital Realty Trust Inc.,DLR,0.105754,126.81,-2.6,(-2.01%)
210,211,Eversource Energy,ES,0.105653,83.51,0.27,(0.32%)
211,212,V.F. Corporation,VFC,0.105642,82.36,0.03,(0.04%)
212,213,IQVIA Holdings Inc,IQV,0.105021,143.65,-2.09,(-1.43%)
213,214,Dollar Tree Inc.,DLTR,0.104871,110.25,-1.81,(-1.62%)
214,215,TransDigm Group Incorporated,TDG,0.104457,528.83,-3.13,(-0.59%)
215,216,PACCAR Inc,PCAR,0.104025,75.74,-0.73,(-0.95%)
216,217,T-Mobile US Inc.,TMUS,0.103706,82.16,-1.11,(-1.33%)
217,218,HP Inc.,HPQ,0.103282,17.35,-0.27,(-1.53%)
218,219,FirstEnergy Corp.,FE,0.102182,48.05,0.21,(0.44%)
219,220,Discover Financial Services,DFS,0.10215,79.88,-1.27,(-1.57%)
220,221,Realty Income Corporation,O,0.101974,81.48,-0.23,(-0.28%)
221,222,FleetCor Technologies Inc.,FLT,0.101966,295.88,-4.15,(-1.38%)
222,223,McKesson Corporation,MCK,0.100045,132.81,-3.99,(-2.91%)
223,224,State Street Corporation,STT,0.098399,65.9,-0.82,(-1.23%)
224,225,Parker-Hannifin Corporation,PH,0.098323,184.28,-9.67,(-4.98%)
225,226,Regeneron Pharmaceuticals Inc.,REGN,0.098295,310.7,-0.3,(-0.10%)
226,227,Ball Corporation,BLL,0.097108,70.61,-3.35,(-4.53%)
227,228,Willis Towers Watson Public Limited Company,WLTW,0.096565,186.66,-3.58,(-1.88%)
228,229,Entergy Corporation,ETR,0.095602,121.16,-0.4,(-0.33%)
229,230,Verisk Analytics Inc,VRSK,0.095388,145.97,-1.95,(-1.32%)
230,231,Tyson Foods Inc. Class A,TSN,0.095313,82.58,0.79,(0.97%)
231,232,PPL Corporation,PPL,0.094966,33.3,0.01,(0.03%)
232,233,Ventas Inc.,VTR,0.094767,64.81,-0.1,(-0.15%)
233,234,Corning Inc,GLW,0.094004,29.84,-0.55,(-1.81%)
234,235,Alexion Pharmaceuticals Inc.,ALXN,0.09387,106.07,-0.18,(-0.17%)
235,236,Aptiv PLC,APTV,0.093633,90.9,-1.52,(-1.64%)
236,237,LyondellBasell Industries NV,LYB,0.093613,90.47,-1.21,(-1.32%)
237,238,Agilent Technologies Inc.,A,0.093177,75.5,-0.62,(-0.81%)
238,239,IDEXX Laboratories Inc.,IDXX,0.092781,284.1,10.25,(3.74%)
239,240,DTE Energy Company,DTE,0.09168,126.85,-0.15,(-0.12%)
240,241,Stanley Black & Decker Inc.,SWK,0.091614,151.19,-2.27,(-1.48%)
241,242,Xilinx Inc.,XLNX,0.091303,90.98,-0.29,(-0.31%)
242,243,Twitter Inc.,TWTR,0.091302,29.47,-0.4,(-1.32%)
243,244,Cintas Corporation,CTAS,0.090691,271.91,-4.35,(-1.57%)
244,245,Archer-Daniels-Midland Company,ADM,0.089378,41.73,1.2,(2.95%)
245,246,Microchip Technology Incorporated,MCHP,0.088898,94.01,-1.39,(-1.46%)
246,247,Edison International,EIX,0.088045,62.67,0.51,(0.82%)
247,248,Weyerhaeuser Company,WY,0.087945,29.4,-0.64,(-2.11%)
248,249,Centene Corporation,CNC,0.087801,53.14,-0.9,(-1.67%)
249,250,American Water Works Company Inc.,AWK,0.0861,122.9,1.93,(1.60%)
250,251,Hershey Company,HSY,0.086008,146.01,0.04,(0.03%)
251,252,Synchrony Financial,SYF,0.085926,35.09,-0.5,(-1.40%)
252,253,Monster Beverage Corporation,MNST,0.085905,55.73,-0.42,(-0.75%)
253,254,Northern Trust Corporation,NTRS,0.085856,99.37,-1.66,(-1.64%)
254,255,Cerner Corporation,CERN,0.085747,66.96,-1.14,(-1.67%)
255,256,Essex Property Trust Inc.,ESS,0.084754,327.87,0.22,(0.07%)
256,257,Las Vegas Sands Corp.,LVS,0.084731,61.87,-0.67,(-1.07%)
257,258,Hewlett Packard Enterprise Co.,HPE,0.084229,16.32,0.01,(0.06%)
258,259,Fifth Third Bancorp,FITB,0.084153,28.94,-0.35,(-1.18%)
259,260,ResMed Inc.,RMD,0.082943,147.36,0.13,(0.09%)
260,261,M&T Bank Corporation,MTB,0.082941,155.96,-0.9,(-0.57%)
261,262,Fastenal Company,FAST,0.081766,36.0,-0.29,(-0.80%)
262,263,AMETEK Inc.,AME,0.081732,91.69,0.38,(0.42%)
263,264,Pioneer Natural Resources Company,PXD,0.081326,121.08,-1.47,(-1.20%)
264,265,Corteva Inc,CTVA,0.081204,26.1,-1.38,(-5.02%)
265,266,Hartford Financial Services Group Inc.,HIG,0.081099,56.71,-0.23,(-0.40%)
266,267,Rockwell Automation Inc.,ROK,0.081075,172.67,-2.53,(-1.44%)
267,268,Synopsys Inc.,SNPS,0.080967,137.03,-0.58,(-0.42%)
268,269,Fortive Corp.,FTV,0.080924,69.13,-0.29,(-0.42%)
269,270,United Airlines Holdings Inc.,UAL,0.080078,91.07,-0.6,(-0.65%)
270,271,VeriSign Inc.,VRSN,0.07929,190.03,-1.68,(-0.88%)
271,272,Boston Properties Inc.,BXP,0.078992,136.72,-2.21,(-1.59%)
272,273,Ameriprise Financial Inc.,AMP,0.078674,149.61,-2.4,(-1.58%)
273,274,McCormick & Company Incorporated,MKC,0.078618,161.21,-1.85,(-1.13%)
274,275,Chipotle Mexican Grill Inc.,CMG,0.078245,778.02,2.5,(0.32%)
275,276,Kroger Co.,KR,0.078152,24.73,-0.01,(-0.04%)
276,277,Keysight Technologies Inc,KEYS,0.076343,100.49,-2.79,(-2.70%)
277,278,MSCI Inc. Class A,MSCI,0.075959,233.5,4.36,(1.90%)
278,279,Vulcan Materials Company,VMC,0.075511,143.95,-0.69,(-0.48%)
279,280,Clorox Company,CLX,0.074984,148.93,-1.87,(-1.24%)
280,281,ANSYS Inc.,ANSS,0.074719,223.57,-1.62,(-0.72%)
281,282,Ameren Corporation,AEE,0.074619,77.0,-0.58,(-0.75%)
282,283,Expedia Group Inc.,EXPE,0.074589,136.23,-0.23,(-0.16%)
283,284,Cadence Design Systems Inc.,CDNS,0.074361,65.49,-1.45,(-2.17%)
284,285,Republic Services Inc.,RSG,0.074326,86.77,-2.01,(-2.26%)
285,286,Royal Caribbean Cruises Ltd.,RCL,0.073875,107.22,-2.2,(-2.01%)
286,287,Church & Dwight Co. Inc.,CHD,0.072919,70.71,-4.7,(-6.23%)
287,288,CDW Corp.,CDW,0.072913,130.45,3.07,(2.41%)
288,289,Align Technology Inc.,ALGN,0.072507,250.07,-2.64,(-1.04%)
289,290,KeyCorp,KEY,0.072458,18.03,-0.25,(-1.34%)
290,291,Western Digital Corporation,WDC,0.071981,53.16,-9.0,(-14.48%)
291,292,CMS Energy Corporation,CMS,0.071662,63.69,0.17,(0.27%)
292,293,HCP Inc.,HCP,0.071661,37.46,0.57,(1.55%)
293,294,CBRE Group Inc. Class A,CBRE,0.071588,53.62,-0.19,(-0.35%)
294,295,First Republic Bank,FRC,0.071289,106.14,-1.01,(-0.94%)
295,296,Alexandria Real Estate Equities Inc.,ARE,0.070526,158.3,-0.76,(-0.48%)
296,297,Kraft Heinz Company,KHC,0.069783,32.15,3.65,(12.81%)
297,298,D.R. Horton Inc.,DHI,0.069305,52.37,0.18,(0.34%)
298,299,Mettler-Toledo International Inc.,MTD,0.069282,706.44,-2.03,(-0.29%)
299,300,Carnival Corporation,CCL,0.067872,42.92,-0.3,(-0.68%)
300,301,Lennar Corporation Class A,LEN,0.067694,59.45,-0.74,(-1.23%)
301,302,Cincinnati Financial Corporation,CINF,0.067622,112.24,-0.54,(-0.48%)
302,303,Copart Inc.,CPRT,0.066732,83.51,-0.49,(-0.58%)
303,304,Arthur J. Gallagher & Co.,AJG,0.066621,91.0,-0.27,(-0.30%)
304,305,Best Buy Co. Inc.,BBY,0.066607,72.13,-0.57,(-0.78%)
305,306,Omnicom Group Inc,OMC,0.066544,76.72,-0.64,(-0.83%)
306,307,Halliburton Company,HAL,0.066521,19.1,-0.34,(-1.75%)
307,308,Hess Corporation,HES,0.066295,65.15,0.39,(0.60%)
308,309,International Paper Company,IP,0.066256,43.8,1.15,(2.70%)
309,310,Martin Marietta Materials Inc.,MLM,0.065721,265.89,-0.97,(-0.36%)
310,311,Nucor Corporation,NUE,0.065472,53.52,-0.84,(-1.55%)
311,312,Laboratory Corporation of America Holdings,LH,0.064236,165.25,-1.03,(-0.62%)
312,313,Regions Financial Corporation,RF,0.064198,16.03,-0.24,(-1.47%)
313,314,Equifax Inc.,EFX,0.064162,135.95,0.94,(0.70%)
314,315,Maxim Integrated Products Inc.,MXIM,0.063382,57.42,-1.45,(-2.46%)
315,316,Kellogg Company,K,0.062855,63.37,-0.51,(-0.80%)
316,317,Citizens Financial Group Inc.,CFG,0.062783,35.08,-0.42,(-1.18%)
317,318,CarMax Inc.,KMX,0.062263,93.25,-1.52,(-1.60%)
318,319,Skyworks Solutions Inc.,SWKS,0.06209,90.14,-0.83,(-0.91%)
319,320,Mid-America Apartment Communities Inc.,MAA,0.06134,138.76,2.0,(1.46%)
320,321,Amcor PLC,AMCR,0.061332,9.58,0.02,(0.16%)
321,322,Teleflex Incorporated,TFX,0.06017,344.98,15.14,(4.59%)
322,323,Celanese Corporation,CE,0.059842,120.57,-1.71,(-1.40%)
323,324,Dover Corporation,DOV,0.059689,103.28,-0.66,(-0.63%)
324,325,WellCare Health Plans Inc.,WCG,0.059531,296.7,-2.68,(-0.90%)
325,326,Xylem Inc.,XYL,0.059426,77.86,-6.2,(-7.37%)
326,327,Genuine Parts Company,GPC,0.059312,102.0,-1.19,(-1.15%)
327,328,Evergy Inc.,EVRG,0.05931,63.54,-0.15,(-0.23%)
328,329,MGM Resorts International,MGM,0.059049,28.66,0.03,(0.10%)
329,330,Cardinal Health Inc.,CAH,0.058481,49.5,-0.67,(-1.33%)
330,331,Incyte Corporation,INCY,0.05844,83.94,0.28,(0.33%)
331,332,UDR Inc.,UDR,0.058333,50.24,-0.13,(-0.25%)
332,333,Huntington Bancshares Incorporated,HBAN,0.058301,14.04,-0.17,(-1.16%)
333,334,Freeport-McMoRan Inc.,FCX,0.058076,9.71,-0.42,(-4.15%)
334,335,CenterPoint Energy Inc.,CNP,0.057299,29.0,-0.08,(-0.28%)
335,336,Waters Corporation,WAT,0.056777,210.71,-4.29,(-2.00%)
336,337,Cooper Companies Inc.,COO,0.05663,289.11,-2.99,(-1.02%)
337,338,Kansas City Southern,KSU,0.056518,140.51,-2.05,(-1.44%)
338,339,Akamai Technologies Inc.,AKAM,0.056502,86.42,-0.97,(-1.11%)
339,340,Broadridge Financial Solutions Inc.,BR,0.056425,124.78,-0.08,(-0.06%)
340,341,Ulta Beauty Inc,ULTA,0.05592,231.98,-8.27,(-3.44%)
341,342,Baker Hughes Company Class A,BKR,0.055567,21.38,-0.24,(-1.11%)
342,343,Extra Space Storage Inc.,EXR,0.055561,111.52,0.67,(0.60%)
343,344,Principal Financial Group Inc.,PFG,0.055495,53.49,-0.83,(-1.53%)
344,345,Garmin Ltd.,GRMN,0.055061,93.08,-3.27,(-3.39%)
345,346,Darden Restaurants Inc.,DRI,0.054452,112.61,-0.38,(-0.34%)
346,347,Take-Two Interactive Software Inc.,TTWO,0.054437,121.09,-2.04,(-1.66%)
347,348,Diamondback Energy Inc.,FANG,0.054419,84.47,0.09,(0.10%)
348,349,W.W. Grainger Inc.,GWW,0.054239,309.52,-0.87,(-0.28%)
349,350,Seagate Technology PLC,STX,0.054175,57.28,-0.57,(-0.99%)
350,351,MarketAxess Holdings Inc.,MKTX,0.053494,363.03,3.88,(1.08%)
351,352,Quest Diagnostics Incorporated,DGX,0.053435,100.6,-1.12,(-1.10%)
352,353,Conagra Brands Inc.,CAG,0.053205,27.12,-0.47,(-1.69%)
353,354,NetApp Inc.,NTAP,0.053045,55.87,-0.5,(-0.89%)
354,355,Arista Networks Inc.,ANET,0.053008,246.65,0.38,(0.15%)
355,356,Citrix Systems Inc.,CTXS,0.052949,108.53,-0.29,(-0.27%)
356,357,Masco Corporation,MAS,0.052906,45.99,-0.23,(-0.50%)
357,358,Concho Resources Inc.,CXO,0.052775,66.3,-0.53,(-0.79%)
358,359,Tiffany & Co.,TIF,0.052533,124.33,0.44,(0.36%)
359,360,International Flavors & Fragrances Inc.,IFF,0.052084,121.41,-1.91,(-1.55%)
360,361,Symantec Corporation,SYMC,0.051709,22.82,-0.17,(-0.74%)
361,362,Atmos Energy Corporation,ATO,0.051646,111.97,-0.36,(-0.32%)
362,363,AmerisourceBergen Corporation,ABC,0.051633,85.02,-0.83,(-0.97%)
363,364,Gartner Inc.,IT,0.051517,152.96,6.29,(4.29%)
364,365,Cboe Global Markets Inc,CBOE,0.051342,115.22,-1.42,(-1.22%)
365,366,Hologic Inc.,HOLX,0.05099,48.15,-0.07,(-0.15%)
366,367,Jacobs Engineering Group Inc.,JEC,0.050829,94.25,-0.59,(-0.62%)
367,368,Loews Corporation,L,0.050608,48.4,-0.8,(-1.63%)
368,369,Duke Realty Corporation,DRE,0.050198,35.84,0.35,(0.99%)
369,370,Expeditors International of Washington Inc.,EXPD,0.050132,72.95,-1.06,(-1.43%)
370,371,Alliant Energy Corp,LNT,0.049222,53.02,0.07,(0.13%)
371,372,Westinghouse Air Brake Technologies Corporation,WAB,0.0492,68.71,0.41,(0.60%)
372,373,DENTSPLY SIRONA Inc.,XRAY,0.049061,54.75,-0.58,(-1.05%)
373,374,CenturyLink Inc.,CTL,0.048889,12.78,-0.11,(-0.85%)
374,375,Lincoln National Corporation,LNC,0.048832,56.53,-5.15,(-8.35%)
375,376,NVR Inc.,NVR,0.048492,3644.85,22.76,(0.63%)
376,377,Host Hotels & Resorts Inc.,HST,0.048089,16.41,-0.26,(-1.53%)
377,378,J.M. Smucker Company,SJM,0.047641,105.62,-0.72,(-0.68%)
378,379,American Airlines Group Inc.,AAL,0.047292,29.87,-0.42,(-1.39%)
379,380,FMC Corporation,FMC,0.047231,91.46,0.49,(0.54%)
380,381,Wynn Resorts Limited,WYNN,0.047091,120.79,-2.94,(-2.37%)
381,382,Brown-Forman Corporation Class B,BF.B,0.046719,65.13,0.24,(0.37%)
382,383,Advance Auto Parts Inc.,AAP,0.046387,162.59,-1.38,(-0.84%)
383,384,Fortinet Inc.,FTNT,0.046372,82.67,0.05,(0.06%)
384,385,Leidos Holdings Inc.,LDOS,0.046354,86.92,0.23,(0.27%)
385,386,SVB Financial Group,SIVB,0.04635,220.94,-5.75,(-2.54%)
386,387,IDEX Corporation,IEX,0.046175,155.33,-0.91,(-0.58%)
387,388,CBS Corporation Class B,CBS,0.046058,35.79,0.21,(0.58%)
388,389,Regency Centers Corporation,REG,0.045987,66.97,-2.79,(-3.99%)
389,390,Nasdaq Inc.,NDAQ,0.045889,99.3,-0.77,(-0.76%)
390,391,Tractor Supply Company,TSCO,0.045757,95.43,-1.58,(-1.63%)
391,392,Hasbro Inc.,HAS,0.045127,96.91,-1.7,(-1.72%)
392,393,AES Corporation,AES,0.044876,16.99,-0.08,(-0.47%)
393,394,Lamb Weston Holdings Inc.,LW,0.044861,76.85,-0.7,(-0.90%)
394,395,Universal Health Services Inc. Class B,UHS,0.04467,137.49,-1.58,(-1.14%)
395,396,Fox Corporation Class A,FOXA,0.044503,31.94,-0.14,(-0.44%)
396,397,Varian Medical Systems Inc.,VAR,0.044013,119.87,-2.62,(-2.14%)
397,398,Hormel Foods Corporation,HRL,0.043865,40.87,-0.03,(-0.06%)
398,399,Norwegian Cruise Line Holdings Ltd.,NCLH,0.043718,50.17,-1.02,(-1.99%)
399,400,Allegion PLC,ALLE,0.043055,115.59,-0.93,(-0.79%)
400,401,Avery Dennison Corporation,AVY,0.042948,127.92,-1.09,(-0.84%)
401,402,Jack Henry & Associates Inc.,JKHY,0.042632,141.49,0.01,(0.01%)
402,403,Textron Inc.,TXT,0.042482,46.1,-0.58,(-1.24%)
403,404,Eastman Chemical Company,EMN,0.042303,75.43,-1.77,(-2.29%)
404,405,Western Union Company,WU,0.042242,24.98,-0.22,(-0.87%)
405,406,Arconic Inc.,ARNC,0.042172,27.29,-0.24,(-0.87%)
406,407,Vornado Realty Trust,VNO,0.041791,65.78,-0.93,(-1.39%)
407,408,Raymond James Financial Inc.,RJF,0.041652,83.59,-1.64,(-1.92%)
408,409,Pinnacle West Capital Corporation,PNW,0.04164,93.65,-0.19,(-0.20%)
409,410,C.H. Robinson Worldwide Inc.,CHRW,0.041596,76.53,-0.55,(-0.71%)
410,411,United Rentals Inc.,URI,0.041487,133.22,-2.72,(-2.00%)
411,412,Packaging Corporation of America,PKG,0.041122,109.26,-1.17,(-1.06%)
412,413,NRG Energy Inc.,NRG,0.040778,40.29,-0.43,(-1.06%)
413,414,CF Industries Holdings Inc.,CF,0.040614,44.45,-2.59,(-5.51%)
414,415,Everest Re Group Ltd.,RE,0.040446,253.89,-0.66,(-0.26%)
415,416,NiSource Inc,NI,0.040294,27.97,0.46,(1.65%)
416,417,PulteGroup Inc.,PHM,0.040185,39.14,-0.43,(-1.09%)
417,418,E*TRADE Financial Corporation,ETFC,0.040178,41.59,-0.76,(-1.79%)
418,419,J.B. Hunt Transport Services Inc.,JBHT,0.039762,117.52,-0.19,(-0.16%)
419,420,Mylan N.V.,MYL,0.039422,19.34,-0.08,(-0.39%)
420,421,Comerica Incorporated,CMA,0.039288,65.19,-1.33,(-2.00%)
421,422,Molson Coors Brewing Company Class B,TAP,0.039212,52.64,-0.37,(-0.69%)
422,423,Federal Realty Investment Trust,FRT,0.038919,136.06,-5.1,(-3.61%)
423,424,Globe Life Inc.,GL,0.038607,96.68,-0.57,(-0.59%)
424,425,LKQ Corporation,LKQ,0.038369,34.0,2.52,(8.01%)
425,426,Whirlpool Corporation,WHR,0.038344,151.81,-2.95,(-1.90%)
426,427,PerkinElmer Inc.,PKI,0.0383,84.84,-2.92,(-3.33%)
427,428,WestRock Company,WRK,0.038143,37.3,-0.37,(-0.97%)
428,429,Iron Mountain Inc.,IRM,0.037844,32.85,-0.63,(-1.88%)
429,430,Qorvo Inc.,QRVO,0.037605,79.55,-0.31,(-0.38%)
430,431,Henry Schein Inc.,HSIC,0.037273,62.26,-0.54,(-0.86%)
431,432,Noble Energy Inc.,NBL,0.036954,19.45,0.04,(0.21%)
432,433,Huntington Ingalls Industries Inc.,HII,0.036877,223.81,-1.28,(-0.57%)
433,434,Marathon Oil Corporation,MRO,0.036757,11.44,-0.12,(-1.04%)
434,435,Snap-on Incorporated,SNA,0.036213,163.46,-1.41,(-0.86%)
435,436,Kimco Realty Corporation,KIM,0.035724,21.52,-0.22,(-1.01%)
436,437,Zions Bancorporation N.A.,ZION,0.034446,48.59,-0.63,(-1.28%)
437,438,Discovery Inc. Class C,DISCK,0.034337,24.99,-0.04,(-0.14%)
438,439,Alaska Air Group Inc.,ALK,0.034247,69.48,-0.9,(-1.28%)
439,440,National Oilwell Varco Inc.,NOV,0.034211,22.73,0.07,(0.29%)
440,441,Mohawk Industries Inc.,MHK,0.034181,141.43,-2.9,(-2.01%)
441,442,HollyFrontier Corporation,HFC,0.034051,54.63,-2.25,(-3.95%)
442,443,F5 Networks Inc.,FFIV,0.033983,144.51,0.74,(0.51%)
443,444,Interpublic Group of Companies Inc.,IPG,0.033703,21.72,-0.38,(-1.72%)
444,445,Juniper Networks Inc.,JNPR,0.033661,24.79,-0.14,(-0.55%)
445,446,Fortune Brands Home & Security Inc.,FBHS,0.033635,60.08,-0.79,(-1.30%)
446,447,TechnipFMC Plc,FTI,0.032772,19.85,0.12,(0.58%)
447,448,DISH Network Corporation Class A,DISH,0.032713,33.85,-0.52,(-1.51%)
448,449,Kohl's Corporation,KSS,0.032483,51.11,-0.52,(-1.00%)
449,450,Devon Energy Corporation,DVN,0.032368,20.14,-0.12,(-0.57%)
450,451,ABIOMED Inc.,ABMD,0.032264,210.6,28.83,(15.86%)
451,452,Apartment Investment and Management Company Class A,AIV,0.032116,54.45,-0.15,(-0.27%)
452,453,BorgWarner Inc.,BWA,0.031868,41.61,2.38,(6.05%)
453,454,Apache Corporation,APA,0.031578,21.79,0.43,(2.01%)
454,455,Franklin Resources Inc.,BEN,0.031311,27.65,-0.43,(-1.51%)
455,456,Cabot Oil & Gas Corporation,COG,0.030866,18.67,0.18,(0.97%)
456,457,Campbell Soup Company,CPB,0.030864,46.14,-0.13,(-0.28%)
457,458,Assurant Inc.,AIZ,0.030581,124.76,-1.11,(-0.88%)
458,459,Tapestry Inc.,TPR,0.029968,25.89,-0.37,(-1.39%)
459,460,Viacom Inc. Class B,VIAB,0.029583,21.39,0.16,(0.73%)
460,461,Newell Brands Inc,NWL,0.029372,18.98,-0.24,(-1.25%)
461,462,FLIR Systems Inc.,FLIR,0.029166,49.6,-5.42,(-9.84%)
462,463,Perrigo Co. Plc,PRGO,0.028894,53.06,-0.63,(-1.17%)
463,464,DXC Technology Co.,DXC,0.028686,27.28,-0.41,(-1.48%)
464,465,Nielsen Holdings Plc,NLSN,0.027989,20.15,-0.06,(-0.27%)
465,466,Mosaic Company,MOS,0.027808,19.76,-0.43,(-2.11%)
466,467,Pentair plc,PNR,0.027779,41.17,-0.62,(-1.48%)
467,468,A. O. Smith Corporation,AOS,0.027564,49.9,-0.49,(-0.96%)
468,469,SL Green Realty Corp.,SLG,0.02731,83.26,-0.53,(-0.63%)
469,470,Robert Half International Inc.,RHI,0.027018,57.21,-0.91,(-1.57%)
470,471,Leggett & Platt Incorporated,LEG,0.026522,50.99,-0.89,(-1.72%)
471,472,Albemarle Corporation,ALB,0.026439,61.04,-1.63,(-2.60%)
472,473,PVH Corp.,PVH,0.026355,87.06,-1.32,(-1.49%)
473,474,Sealed Air Corporation,SEE,0.026292,41.68,-0.92,(-2.16%)
474,475,People's United Financial Inc.,PBCT,0.025864,16.24,-0.35,(-2.11%)
475,476,Invesco Ltd.,IVZ,0.025716,16.75,-0.14,(-0.80%)
476,477,Xerox Holdings Corporation,XRX,0.025678,33.97,-0.15,(-0.44%)
477,478,Harley-Davidson Inc.,HOG,0.025176,39.14,-0.99,(-2.47%)
478,479,Flowserve Corporation,FLS,0.025038,49.08,-0.43,(-0.87%)
479,480,Quanta Services Inc.,PWR,0.024003,42.15,0.17,(0.40%)
480,481,Hanesbrands Inc.,HBI,0.02296,14.78,-1.25,(-7.80%)
481,482,Unum Group,UNM,0.022656,27.39,-0.07,(-0.25%)
482,483,DaVita Inc.,DVA,0.022587,58.44,-0.53,(-0.90%)
483,484,Rollins Inc.,ROL,0.021224,38.05,-0.07,(-0.18%)
484,485,News Corporation Class A,NWSA,0.020191,13.6,-0.04,(-0.26%)
485,486,Ralph Lauren Corporation Class A,RL,0.019929,96.15,-0.45,(-0.47%)
486,487,H&R Block Inc.,HRB,0.019882,24.95,-0.18,(-0.70%)
487,488,Fox Corporation Class B,FOX,0.019815,31.17,-0.19,(-0.61%)
488,489,Capri Holdings Limited,CPRI,0.019024,31.04,-0.62,(-1.94%)
489,490,IPG Photonics Corporation,IPGP,0.018689,133.48,-0.08,(-0.06%)
490,491,Macy's Inc,M,0.018403,14.99,-0.13,(-0.86%)
491,492,Cimarex Energy Co.,XEC,0.016893,41.55,-0.8,(-1.89%)
492,493,Discovery Inc. Class A,DISCA,0.016737,26.78,-0.14,(-0.50%)
493,494,Alliance Data Systems Corporation,ADS,0.016658,100.4,-2.39,(-2.33%)
494,495,Helmerich & Payne Inc.,HP,0.016588,37.85,-0.25,(-0.66%)
495,496,Affiliated Managers Group Inc.,AMG,0.016295,79.47,-1.26,(-1.56%)
496,497,TripAdvisor Inc.,TRIP,0.015996,40.02,-0.25,(-0.61%)
497,498,L Brands Inc.,LB,0.014952,16.87,0.01,(0.06%)
498,499,Under Armour Inc. Class A,UAA,0.01495,20.59,-0.22,(-1.06%)
499,500,Nordstrom Inc.,JWN,0.014634,35.55,0.34,(0.95%)
500,501,Gap Inc.,GPS,0.01437,16.53,-0.36,(-2.10%)
501,502,Under Armour Inc. Class C,UA,0.014252,18.42,-0.2,(-1.07%)
502,503,Coty Inc. Class A,COTY,0.013815,11.57,-0.07,(-0.56%)
503,504,Macerich Company,MAC,0.011393,27.23,-0.13,(-0.48%)
504,505,News Corporation Class B,NWS,0.006837,14.0,-0.02,(-0.14%)
